1.959766417904284408e+00,1.141897195822968669e+00
1.971304979713706107e+00,8.345052303504654767e-02
9.009504323106087842e-01,-7.422462766990193250e-01
1.465450081629124379e-01,-5.399552286102025089e-01
-3.046543267302902258e+00,-1.331485415724570354e-01
-1.643451753655720715e+00,1.365007047494993797e-01
6.397353773403203769e-01,2.296195301552915735e-01
-2.764148465018104073e+00,-3.501604509226929896e-01
2.589360785724994951e+00,6.574328725573248822e-02
4.387425720048793859e-02,-3.482968105859103325e-01
6.240973403651998153e-01,-8.917898241302827378e-01
-5.051203380920896713e-01,-2.087388431212684192e-01
-1.413839312106972557e+00,-9.684441886280373279e-02
1.936721007742417122e-01,4.423033857173830352e-02
-2.529857743632689004e+00,5.501734418882957278e-02
-2.459672323107596981e+00,3.919006627667119824e-01
1.161247846319967580e+00,-4.643840205646919128e-01
2.835329484254630827e+00,-3.880334762113293312e-01
4.664284641698760447e-01,-7.548086813168336517e-01
-1.242649888508347455e+00,4.166081057761014672e-02
1.344091409515112412e+00,-2.746389968510196122e-02
6.754013329599130033e-01,-1.002587325910859084e+00
3.684882839856651771e+00,4.152751216993181838e-01
-2.241864098916930281e+00,4.897359414453116289e-01
-2.562646193548161477e+00,-1.847252640830184256e-01
-8.004245191404860682e-01,-1.185056076810003800e-01
-2.580342133856907250e+00,3.390986642843067389e-01
2.965606827423275860e+00,4.442453066508878501e-01
8.376889022276604591e-01,5.744768134359813372e-01
-1.070039687590136568e+00,2.902094330138715872e-01
-3.813323804840819120e-01,2.580898079270922407e-01
1.058248392759528755e+00,3.187976319095254807e-01
7.024270626067103951e-01,6.181311266511916314e-01
1.699013107079435647e+00,-2.169769653729862469e-01
-5.530661624953975286e-01,5.032400936669810809e-01
-8.682974220748682082e-02,-7.510184362874242625e-01
9.333445647025347958e-01,-2.041750999673137140e-02
3.153439825903584293e+00,-1.702797028918200117e-01
-9.189714464606563160e-01,-1.709294274842554640e-01
-3.408157718684545756e-01,2.219890869123414545e-01
-3.333745985142583912e+00,8.101165211982168657e-01
-1.211844354527979783e+00,-6.809850882614627322e-03
1.595412670751357842e+00,-3.723538889115973749e-01
7.693015629552598655e-01,-8.010542361617866147e-01
-1.309219223385421849e+00,2.554342785242974534e-02
-3.681703756236802128e-01,6.400742091118973853e-01
4.279688157082669336e-02,-7.023386497619394930e-01
2.972906852566731928e+00,-4.543231818204770955e-01
-1.083092536443306830e+00,2.247911693760837881e-01
-4.337410646111788393e-01,3.939281862520281896e-01
-3.816465917878075764e+00,-4.138655066403350569e-01
-1.030376187950736933e+00,-5.732760090168035338e-01
7.328510679393641647e-01,-1.706749609689680036e-01
-3.424480501213422734e+00,-3.414927261045457296e-01
4.116687866671460583e+00,4.285393978183485997e-01
-1.480480131303459013e+00,-7.794773337443775540e-01
-6.864659142524421886e-01,-5.371885337645762037e-01
-3.846944915351023231e-01,2.559653440285687420e-01
7.826889966763175832e-02,-1.259054166848409262e-01
1.373859753865451117e+00,1.183479616536187336e-02
1.056406450881876458e+00,9.674674501465915788e-02
-2.409092814931800941e+00,5.724112934926061103e-01
3.639799747286770248e+00,-2.947043150686411983e-01
2.123681406037858821e+00,5.663871473684538582e-01
1.628118005030448900e+00,-5.708917721008374135e-01
2.150230353176916243e+00,-2.938649587712781064e-01
-2.641175716287899267e+00,8.841546270444231026e-02
-1.872014390877176249e+00,3.540301757232017232e-01
-2.963410062235192655e+00,-4.138951248071784939e-01
-1.401987788923340306e+00,8.803913899871621540e-01
-2.087283254969126922e+00,-2.618777233271170068e-01
1.753231312476599912e+00,2.482904467584338970e-01
5.875934127932268547e-01,8.876766887166565034e-02
1.363980753268995372e+00,-8.082443691786832252e-02
2.245571099466760145e+00,1.285203523772369127e-01
2.701517414279999141e+00,-5.602792189145562596e-02
2.838555940139133149e+00,1.775625379819132654e-01
-1.206812289037278774e+00,1.185199872024953194e-01
1.085444099795544570e+00,2.100448424836869610e-01
-3.681717315315793826e+00,6.329665891584360660e-01
-1.942123043284122996e+00,2.274076660740154132e-01
-1.108512575734461159e+00,-1.024649978607460987e+00
6.840873283302864039e-01,-2.434588943608095857e-01
2.103115560061992184e+00,4.838287778563518660e-01
-2.444400247939569670e+00,1.459569413586972175e-01
5.768959320115751854e-01,-4.805858896793968049e-01
-9.209131164295691896e-01,6.224553858417305463e-01
-3.595988369924488781e-01,-6.819638816322559638e-01
-6.044114813440596562e-02,-5.357439485066778362e-01
2.898851845677480554e+00,1.042829094030730319e+00
-4.323901803483337636e-02,2.602247441976857645e-01
1.031711336741704343e+00,6.804147517056995387e-01
-2.532400871921810737e+00,-7.758227615170584235e-01
1.757153670031936343e+00,3.126779957474283278e-01
-3.490530314010117929e-02,-1.311373467603158094e+00
2.374492311865062710e+00,-5.145715753256083907e-02
-4.873915600200200426e-01,3.466530070755447640e-02
-2.316253633242194798e+00,-2.265832543995031922e-01
-1.339423471745682326e+00,2.148769125913331246e-01
2.831582731256120589e+00,-8.380944791033935193e-01
4.275449900836081341e-01,-5.379706013346902127e-01
-8.746021115549262870e-01,5.530924180740371954e-01
3.303482826915905779e+00,3.948097558198936929e-01
-2.638822277514222492e+00,-6.657477726475725666e-01
-1.529209572554736773e+00,3.710005226929465882e-01
-2.145580061459914756e+00,-5.576681777011082142e-01
-1.537714904375689029e+00,3.675658549068073766e-01
-1.257477343819946025e+00,-7.072333733812605217e-02
-3.305663248906045015e-01,3.454582987671590555e-01
-2.279964947739527403e+00,-1.940820662026056798e-01
2.035061637138163348e+00,-2.131913006127399424e-01
3.365592740245399450e-01,4.248284358115549386e-01
1.394292090725069766e+00,1.403649235210548074e+00
-1.280119384479540434e+00,3.410851768180733212e-01
-1.110762602548218236e+00,-5.881853415317528366e-01
9.237252641839654999e-01,3.628064455789354881e-01
-9.370237269189000129e-01,3.468688309506123835e-01
3.197492364452397262e-01,-3.588208688247716827e-02
1.556486204337956536e-01,-3.189676012414551232e-01
-1.884868748119320703e+00,3.069891553923834726e-01
4.041170179255460404e+00,6.232228595023152629e-01
4.596096517036376561e+00,2.979481569133590191e-01
-1.050262731317220366e+00,-3.406734167732329843e-01
1.580898053588769114e+00,8.174392618699418689e-01
4.717078584002143415e+00,-3.672932669976345932e-01
1.271771770340037078e+00,3.875304550326934272e-02
-6.932893827637508499e-01,-6.337798373902270299e-01
-1.359663456319743391e+00,-5.620875239599279483e-02
-2.119216459425730115e+00,1.034804185478542582e+00
2.988765277796033848e-01,6.027211249803668958e-01
8.889522478921713100e-01,-1.291541990712875565e+00
-1.427905887272759911e+00,-2.623075811556181969e-01
-4.075228667834468466e-01,-1.711540834525688837e-01
1.291874211182633791e+00,3.267694903448643134e-02
-4.832852081095279084e-01,-1.352638409670731401e-01
6.442759005781831250e-02,-2.222387914548451873e-02
-6.564696656520300211e-01,1.731809504152251045e-01
1.740631359981493098e+00,1.012214586971403207e+00
-1.204904550115682316e+00,2.356026603149497523e-01
-3.086758234974292137e+00,-4.129884719014891847e-01
-1.580285621221303449e+00,4.414585328253808894e-01
-2.094778215959169021e+00,1.039113036684791158e+00
-2.736663375638062612e-01,-3.799649063917108771e-01
5.728879427200727070e-01,-1.003939114593271759e-01
-3.912012521204454529e+00,-2.186258029478233000e-02
-2.685045951252793550e+00,-2.890043941468430772e-02
1.403642293858950563e+00,-2.032234152573451635e-01
4.834011722781121900e-01,-8.135620355383088587e-01
-5.706727520327817826e-01,-2.051891841427764263e-01
-3.100232134517070248e-01,1.989924008711544678e-01
1.976527418374619260e-01,3.073234420941204914e-01
-6.737337704870504096e-01,7.623590266721822495e-01
-1.534490827426759241e+00,-3.962355522109823891e-01
4.161177385640011828e+00,4.072733263438996776e-01
-2.008497594022093657e-01,-2.547089002640808841e-01
-4.011953353441339409e+00,-1.233024184011269231e+00
-1.032662267433428482e+00,5.371843524887571775e-01
2.139550736838716105e+00,-7.398665826692375491e-01
-1.895081942597641733e+00,-2.621276465814297713e-02
-6.363236938223197914e-01,3.115886988169394578e-01
8.109796574875514086e-01,-2.426938565465010800e-01
3.836054863989386110e+00,-1.609265049563560201e-01
-1.322418637628883786e-01,7.890033290467745042e-01
-3.722907968227330833e-01,-1.726835416502526532e-01
1.676589494935335711e+00,-3.192173328729273896e-02
-2.472736346588139789e+00,3.571895471710236358e-01
1.406506092108757322e+00,9.016613855150758250e-02
3.871466269359490120e+00,-2.714691376961838598e-01
1.777047923450016498e+00,-3.920111628073429944e-01
1.460064250312813838e+00,2.744299509973772144e-01
1.733579107327965829e+00,-6.420338909650724624e-01
-1.087168197654154178e-01,4.728201115159282319e-01
2.897958141773943619e-01,1.864949992623268216e-01
-3.863242227277863705e+00,-2.564354717862232236e-01
1.022797480697023920e+00,4.762888780506632780e-01
-7.996912831278228939e-01,9.069765478166528228e-01
-1.162383567033791060e-01,7.704933603616580251e-02
-1.646527344544482130e+00,-6.910389500565111698e-01
-6.928375288322663472e-01,3.569944297404270550e-01
9.745181359446514202e-01,-8.612150197298007459e-02
-2.423579542918559149e+00,3.094406186406525316e-01
-5.219571783179546287e-01,-6.969151081604182951e-02
9.510645869129761287e-01,-4.098194136233736518e-01
7.347275338377990961e-01,3.865499967101304613e-02
-6.049561932997594704e-01,8.967339418902822157e-01
-1.936044687267969577e-01,-6.553715117962614078e-01
-4.969477683279722058e+00,-3.954678241312852838e-01
-5.987829935519192182e-01,-5.076926684660959532e-01
-6.398824812795196326e-01,3.551047611631857198e-02
2.315946599398102657e-01,3.012043177024990026e-01
-1.647985658936594044e-01,-2.194796544892402192e-04
-8.179555106260025799e-01,-2.084178954852713983e-01
-1.541183115449300089e+00,-6.797697073205992598e-03
-3.786720662820017402e+00,-3.597140740595342612e-01
1.233575922250637502e+00,-4.789983996173676623e-02
7.054487488537529716e-01,-1.784024474138763139e-01
-3.898513970074448665e+00,6.244811367494333965e-01
4.977310681550342619e-01,-6.727282206362980022e-01
5.541712720733864561e-01,-1.099611351583706487e+00
-4.997940666286260214e-01,2.996883555004556388e-01
-2.076934523377897690e-02,1.561629928398275136e-01
1.515524858199229774e+00,1.832501617826650386e-01
-9.524809541575590677e-01,-3.024358515086734145e-01
6.225736150424119320e-01,-3.665109271292382731e-01
2.372739835467010394e+00,-4.490706068555425784e-02
8.710138429130295790e-02,-1.988366694022060954e-01
-1.730808893390992642e+00,1.789655959394745033e-01
1.915254797149887611e-01,-7.776233723554090149e-01
8.859727965646090331e-01,-8.689751890443986326e-01
-1.995796522821851049e+00,1.628380477194609210e-01
2.718347806611477128e-03,-1.034781976116588426e-01
-1.351927734678942672e+00,7.508343653169348431e-02
-2.602327873009420145e+00,1.210060151277457585e+00
-1.297269398650411132e+00,-1.671821385364873624e-01
-8.185322403059827057e-01,8.115898690734982823e-01
3.568278595667889186e-01,-5.842406903388085437e-01
6.937123369216208202e-01,-5.191234775838261539e-01
-4.568354914646485798e-01,2.570842875744329681e-01
1.866168818622534031e+00,-4.330450617966758453e-01
6.400329998214122629e-01,-4.374351487283215656e-01
8.980412673099819054e-01,3.510846435553965916e-01
3.717999516989717979e+00,-3.136521641779920211e-01
-5.159957396206632518e-01,-3.648358422460000194e-01
-6.168617097506511326e-01,3.318618649677999022e-01
-1.529695665299139806e+00,-7.948442286439085791e-01
1.504056142744708779e+00,7.344105189975606018e-01
-3.175750873802385965e-01,1.158079133898801127e-01
1.823040470042621930e+00,1.896722686870065677e-01
5.659887785673367588e-01,3.769745410530483953e-01
2.917648891326173333e-01,-6.706024107324243255e-01
1.257090766091419232e+00,5.488040801064335561e-01
-4.599234641877413488e+00,5.332145030887467524e-02
4.006912972492680525e-01,1.103925230185777845e-01
5.034215863407153435e+00,5.192299467624992282e-01
1.973504477555864334e+00,6.023439339309558660e-01
-4.014131251007823087e-01,-3.518514866119749201e-02
-1.904256058489379289e+00,-2.487722949657071581e-01
3.684349813995861367e-01,5.898698671132951432e-01
-7.335681210850811262e-02,-5.063093441249403304e-01
1.876529163456287064e+00,-1.944101334307067330e-01
4.045205203159596974e-01,1.124066975028471083e+00
-2.987625458284983715e+00,-5.105816771727502701e-01
-3.338741019089520867e-02,-6.341052972629471762e-01
9.318289196040140387e-01,2.034035310172129241e-01
-1.220793026529318315e+00,-2.583013410359027429e-01
-6.727821564974811874e-01,1.634414835471125482e-01
-4.980797381463282769e-01,4.369273711630454748e-01
-3.551476244697549411e+00,-7.398183514728483567e-01
-2.205018070813622444e+00,-1.302572788893257283e-01
4.672253349737027328e+00,1.020745985010356405e+00
-4.382884665748941977e+00,7.266068586443036326e-02
1.743367300924052898e+00,1.049114176263139298e+00
1.860922944193029727e+00,-6.115511072415548144e-01
2.535720045027303748e-01,-9.796281726044335503e-02
-2.918493005856087397e+00,-4.255477525818111006e-01
-1.940546989766985364e+00,2.174272912037513994e-01
-1.800388759036219422e-01,4.610897265258092070e-01
-3.947926480330212207e-01,-2.229905985959878753e-02
1.767084409836782166e+00,-2.401528473916053341e-01
-2.920701329213502562e-01,5.608472214265053379e-01
-3.228953138917471932e+00,5.036360611144716781e-01
3.719106702953219878e-01,-2.002533604170271542e-01
-6.199603878141303204e-01,-3.009992955475462861e-01
-7.498932272222583739e-01,-2.673027796547218227e-01
6.771903249564711347e-01,-4.311481262496248967e-01
1.095269360823993843e+00,-1.877476790487160319e-01
2.285384751759886035e-01,-6.163941511755380853e-01
1.500786139486613324e+00,-3.951284959054378043e-01
1.320571321046680957e+00,5.716863696865653877e-01
-2.556287015433358789e+00,4.834003812095165054e-01
-1.297391626494202033e+00,3.384071552278214261e-03
-1.684467931928349760e+00,-6.593773444639309256e-01
1.268273547773700605e+00,2.434813662073878338e-01
4.923979029392799855e-01,-7.830589050307505683e-02
-2.917291534840090073e+00,2.190272627033467145e-01
1.328172254239086358e+00,6.394460203007812371e-01
-4.934949252913572448e-01,-3.755562088502313878e-01
-1.604822885915096364e+00,-2.758172953608001854e-01
-4.066288188612348975e+00,-8.363055406129583647e-01
9.931086510513720267e-02,7.922558203445904113e-01
1.891002024027964801e+00,5.772953943261511789e-01
-3.679447764552763456e+00,1.436966099484963122e-01
7.866689134182688337e-01,1.217836492679737342e-01
1.451405561885116713e+00,-6.241228050687642748e-01
2.886805155564367009e+00,-4.207954934602962660e-01
4.705702629174998153e-01,-4.254909901454450444e-02
6.470016523868871161e-01,3.412640027556915756e-01
-6.643470289898236736e-01,3.097862593692796152e-01
9.937787562698918720e-01,4.289984555203700811e-01
2.955250656928951614e+00,2.313184273165831140e-01
-9.689983133753967692e-01,5.019622425329726134e-01
2.694284816260124060e+00,1.660689329244905421e-01
-1.320512984453427796e+00,-5.832634323682007321e-02
4.129105317042726320e+00,-1.222122144639264274e+00
-9.150770214895787014e-01,-1.094210145998812528e-01
-1.209959447069504090e+00,8.820889065715374899e-01
1.171331364622697713e+00,1.150050302636471122e-01
-3.212176911436937399e+00,4.937025718294438814e-01
2.477216469126127141e+00,-1.037889611334361500e-01
-3.008139303305372714e-01,4.792733573974197053e-02
2.367008343379577440e+00,-5.510026865004734598e-01
-2.099262716860630817e+00,2.426534829952661787e-01
1.260270810825827814e+00,-6.162323910790560300e-01
2.718374875925419487e-02,-6.569972203963531099e-01
2.010377695692176392e+00,-4.564756712388496340e-01
-2.705120079572031599e+00,7.748966255417423510e-02
3.613961958155305632e-01,-5.787431641053673026e-01
2.401946264614567728e+00,-5.680766700343644476e-02
-3.852878283487911393e+00,2.528086975976436279e-01
-7.175914794933374585e-01,3.766764991136936080e-01
-3.409430203917950264e-01,3.296006537925296742e-01
2.823369006552805871e+00,7.782035273359200200e-01
-7.184862141135410774e-01,-6.641664762366144004e-01
-4.685605060816954159e-01,-2.049905480353353127e-01
-1.492631692724662451e-01,6.917877278853341583e-01
3.216245035960939358e+00,-6.530400350080667327e-01
-1.414956214319691208e+00,-9.693107322965479611e-01
-1.191824290733733527e+00,1.998971138646873646e-01
-4.599332237060488993e+00,1.792875870041193420e-01
-2.324228746606362694e+00,-8.410563132996772273e-01
1.194343891171943728e+00,-1.419735176815129819e-02
3.239237740653237996e+00,-2.470981222576562608e-01
1.064695070564414953e-01,1.316689415133742047e+00
-1.716180151218526406e+00,-5.225745501299043916e-01
1.328353131677485921e+00,4.386402587896597871e-01
-2.846585450461960320e-01,2.781591265327695295e-01
8.216355564884738616e-01,-7.520113859617273688e-02
-2.929686919848332405e+00,-4.818352676351835839e-01
-2.264126386891133699e-02,4.143984022734446826e-02
1.920560417725816427e+00,-1.059086683193243422e-01
-1.033223089609497380e+00,3.950579011543752794e-01
-2.366933108879041292e+00,1.244517336033986732e-01
-2.532000949422650748e+00,2.323904069617954427e-01
-1.499042392860032491e+00,-2.631173491154534250e-01
-1.765999356154853261e+00,2.141029907424758794e-02
-2.862850457818717054e+00,2.339189776674540644e-01
5.398767610080251744e-01,-1.764195229210524796e-01
-2.684318757987972148e+00,-3.604487764185397847e-01
1.399560428145114388e+00,-6.022338196714307479e-01
3.149760637251732831e+00,1.056706962310216963e-01
-5.631171523500282800e-02,6.552697159462920196e-01
-5.392919806601672583e+00,-8.256285115267270047e-02
-1.409289343272110084e+00,-2.412176883463703070e-01
-5.019004178640799063e-01,1.163233505969105130e-01
-2.926224115593892616e+00,-5.466160469496044172e-01
2.447085619535808831e+00,-8.414180454764323691e-02
2.721547935669026974e-01,6.267349835423007276e-01
-8.168060423616677612e-01,-3.249189834245505559e-01
-7.561013083218156572e-01,4.913737364362468218e-01
-5.692896570887738816e-01,7.839795854493376570e-01
1.778605298975695637e-01,-6.697551391205105141e-03
3.312965477620537502e+00,5.913007571945699814e-01
3.195130193851539735e-01,-1.731197886698489230e-01
2.340534261833718543e-01,2.965794420249646679e-01
-9.791295223245667367e-01,-3.283278283670968412e-01
1.701775188155066454e+00,-4.980254733861938510e-01
3.470308145838037372e+00,4.042789516257059845e-01
-1.375463912347491435e+00,-4.165175985796461533e-01
3.787425484309760559e+00,8.413323897592633882e-02
8.504093870194747717e-01,-5.786301500026449496e-01
1.494922540560830848e+00,-4.409255501757572415e-01
-2.571360201975178006e-01,1.504186880714065110e-02
3.005844155505518867e+00,-1.640571945779923657e-01
6.197581157595040136e-01,-4.531311026032292522e-01
6.298225518114992649e-01,-2.524185443199860601e-01
2.265123333671228423e+00,-2.621237142493353378e-01
-1.517479917443484316e+00,3.906152070671295440e-01
-1.540855835240154681e-01,3.042378652099946290e-01
1.189082531398155895e+00,3.777903804692328560e-01
-1.019650925562646943e-01,-2.841297466288433271e-01
6.307728892465175319e-01,-2.256570417987915078e-01
1.304562884982201076e-01,6.673577835316113482e-01
1.066694310328757611e+00,-7.658152709996622620e-02
1.520341964111499300e-01,9.472680465795013660e-01
9.863261428151812726e-01,-1.005038933451442990e-01
8.854924300074321630e-01,1.110365773031593006e-01
-1.240408448995296231e+00,7.717134733169402905e-01
2.970338149494233804e+00,2.550470943612553887e-01
1.702072340082674717e+00,2.094346796165439950e-01
2.330708451475068888e+00,-8.511946094228503013e-01
-1.158720360066132660e+00,-8.482940046355456898e-02
-2.595806410752811710e-01,-8.867130499110127684e-02
-5.663112039756913463e-01,-9.297993469881186968e-02
1.346703094138705481e+00,1.366504513947154331e-01
-2.775016534957043035e+00,1.883314302689775288e-01
7.239538757708403605e-01,4.628734898801548647e-01
-8.078369091125161550e-01,1.688094661043976208e-01
4.837382887174520363e+00,-1.535005869714874821e-02
-3.099654876885471130e-02,4.528411003314017913e-01
-5.803519351440034946e+00,-1.265858613661224041e-01
1.618482801960273942e+00,1.920477548232262521e-01
2.025724913253554416e+00,9.481253161927613582e-02
-3.456389375965218669e-01,-2.523942370126366561e-02
-1.409835973269267795e+00,-5.126483950817024571e-01
-2.063724089802454753e-01,-9.708967694751626798e-01
-2.679754903937186405e+00,4.632503356221758795e-01
3.420463025108378408e-01,2.925688891660647162e-01
1.196032546311040834e+00,-9.458231373369272443e-01
1.154964147608804170e+00,4.734759181788508742e-01
7.002760684206849051e-01,-3.396411588735170212e-02
-1.715439611088444671e+00,1.748950327294660628e-02
-8.285850655429086720e-01,4.036846388643082206e-01
-5.728191707941844291e-01,-1.977256200985065271e-01
-1.659278592784569017e+00,8.414365878677204647e-02
-6.757301458035626096e-01,4.328155449325511994e-01
1.400483598033900767e+00,4.345883555813099819e-01
-3.713990126756191446e-01,5.858889158063665947e-01
-3.891439288566436172e-01,1.430520990000660742e-01
-2.290245441594829678e+00,5.402898965909715967e-01
4.264583267601687600e-01,1.258709997552394724e-02
2.989336522151584408e-01,-6.869204528883359195e-01
3.150430980889553090e-01,-1.230959162547977881e+00
1.225655087901595053e+00,-1.079340857125162589e+00
-1.739394830236970169e+00,1.526752234097898953e-01
-1.959329749479443022e-02,7.488949546816496827e-01
1.473456080711781135e+00,-3.982586744654570965e-01
-6.107975748783702752e-01,-7.099615525131417471e-01
-4.190877699468655293e-01,8.489649884892280784e-01
-1.858525386313046868e+00,-1.889682139542905592e-01
-1.111847558061208607e+00,5.649493082259045007e-01
2.289311490549455763e-01,4.660917672804563462e-03
-6.358868030476068078e-01,-4.272794516564520362e-01
-1.228026556415618753e+00,-7.272202422626862228e-01
-2.141729197023381825e+00,-5.098846153793994418e-01
-2.034303805708246315e+00,6.300837417888563996e-01
-3.471469654261463589e+00,2.035579058830903204e-02
-1.848337431040412426e-01,-3.288848805105051148e-02
2.605786851536016635e-01,1.499495279214976273e-01
-1.261882797144371127e+00,1.261033951914561444e-03
-1.013959806707265043e+00,-1.542853507238688970e-01
-3.865095633213455617e+00,3.923123286323765835e-01
1.958893304370714850e+00,3.162692994969279470e-01
1.856735479466327776e+00,6.706424471234287421e-02
-5.625334936847100842e+00,-5.369651946579710039e-02
-2.725416061590682851e-02,8.199316715592801230e-02
-3.084706050176595937e+00,-3.414630833399969617e-02
-1.828375320881111543e+00,2.048448956468711113e-01
4.288736829472346579e-01,-1.533248385828346605e-01
3.819523605410194200e+00,4.150125005355249086e-01
-4.692204863401563258e-02,1.030738667385170393e-01
2.019971960597514438e-01,-2.755658413065605328e-01
-2.512319439124294451e+00,1.137090933403819663e-02
4.131306730013933226e+00,3.108247949487704109e-01
-2.341994387365485153e+00,8.870381137149689899e-01
4.062244439961867348e-01,-1.135732813330576352e-01
-1.766002610956737051e+00,-7.012924864832712629e-03
-3.668226202908928091e+00,-9.690353304923242650e-01
2.431032852263552257e+00,3.610414977925207602e-01
-1.491587233733640883e+00,-1.148038771557657434e+00
6.121380956168008813e-01,3.960051127381176150e-01
7.106638730838582552e-01,2.028561471718641762e-01
9.525736010938689047e-01,3.316203813914468390e-01
1.684936711862669911e+00,-1.059004298158169766e+00
4.235920901206899458e+00,-5.194897722327540546e-01
-3.876229437623738505e+00,7.506359214214878284e-01
-6.058310069411219079e-01,-3.284889168595078734e-01
4.190264998154361820e+00,8.821521685354427600e-02
-3.372053063577719723e+00,6.696449744829567619e-02
-1.833942922730453118e+00,2.401223843294382487e-01
-2.428882686381430844e-01,-1.850394950876071698e-01
-5.386148147905073236e-01,8.214378616863726723e-01
-1.601533664843956206e+00,3.809147168631455554e-02
1.988130660312015519e-01,2.814559859064542091e-01
-3.455745659192899569e-03,3.991154179076341624e-01
-2.580173015780284906e+00,4.077931346089074816e-01
-2.732958515672370581e+00,-4.871170652383985389e-01
-5.982693718146169459e+00,-5.196492319783179159e-01
-4.157770427974488009e-02,-6.550368717078227515e-03
-6.885836099975765068e-01,-1.508988589827600646e-01
-2.110551593497986544e-01,-3.921812051013797706e-01
-4.325506944112569307e-01,6.870446539564931121e-02
-1.630442853672957049e-01,3.754785020489301850e-01
-1.606190799826108240e+00,7.201064644804310022e-02
-3.005614953988220428e+00,-2.323653624619556879e-01
-1.062635222305967631e+00,1.231890186644995638e-01
-2.789566147414217934e+00,2.363244234746007810e-03
6.067854722613998941e-01,-9.851951139847048289e-02
-1.859596415158012439e+00,7.565831807515743801e-01
-1.952140923313030685e+00,-1.339382021440164439e-01
-1.122739147968077500e+00,-1.108936951925284936e-01
7.607530227723062755e-01,-2.183233415985307013e-01
-2.217938355457032829e-01,2.729648458195502170e-02
1.222445855220096078e+00,7.117553632024079535e-01
3.642723251395642237e+00,-2.319875989936690322e-02
-8.284048359663047645e-01,-4.638048239357001612e-01
2.766275147602155760e-01,-1.233160163940024423e-01
-2.461064499364373326e+00,-4.410201047762387638e-01
-3.397238908972879390e+00,7.338696847035502090e-03
-3.138263562676997687e+00,-8.723385531922210612e-02
3.949102057667260857e-01,-7.476352237737111939e-02
-7.473036027125798952e-01,-4.493248082904544027e-01
-5.307611726884399195e-01,2.450167083487939101e-01
5.798236234409549772e-02,1.913653253820528088e-01
3.262921853692955843e+00,-4.519514734449974203e-01
1.822019327490736140e+00,-7.732828904108570711e-01
-1.950927927267366080e+00,-4.815340245057095903e-01
2.748994443012447775e+00,-6.534121858538237682e-01
-1.114222402553541436e+00,3.439522621867811825e-02
-2.238683988240134148e+00,5.297906421128876220e-01
1.287938764990747664e+00,8.819426928923046125e-03
2.331851628648685448e+00,1.147320319270253158e-01
1.531163435503105408e+00,1.592635482380695133e-01
1.299654913941011403e+00,-1.414178608184172015e-01
2.281152384490298335e+00,6.416595663036486208e-01
-6.089804741641029473e-01,7.323876366652711800e-01
-1.964925259058397433e+00,8.853399627195078780e-01
1.952653523044519446e+00,1.565807298804630099e-01
1.327436441775339537e-01,3.930182002479654102e-01
2.664975047820736798e+00,-3.228443296965980980e-01
2.436467659888169823e+00,8.006138076934139480e-01
3.412718535382865070e+00,-3.302721652492642268e-01
-9.394634026709703933e-01,-1.421095118745446251e-01
2.608687111887859067e-01,-5.263874715521162928e-01
-1.273404188092237987e+00,1.006758610322767006e-01
-3.083658401079102163e+00,-8.084358653499494896e-01
-1.057297629307339504e+00,4.976928594980360443e-01
-1.713155439151768045e+00,8.749915612122421971e-01
2.041790103136524592e-02,-3.173532833016856070e-01
-3.720709377383699223e+00,1.545809557563810992e-02
-8.335129118625167477e-02,4.107992454770831303e-01
-3.645159285068265698e-01,2.493011410691536867e-01
1.318593383471527769e+00,-2.177746941404771763e-01
9.244774842467365916e-01,-1.450109599350186407e-01
3.652741298798211300e+00,-7.142607299792833597e-01
-4.018432574605013130e-02,-4.894271832283678125e-01
1.450987623311117858e+00,-2.090067828189323684e-01
-1.777214816870337888e+00,1.312544514869829593e+00
1.352733823993724549e+00,1.644007415664484328e-01
-7.440309501754119870e-01,6.639709447603098225e-01
7.194332523779416455e-01,1.626009680160371285e-01
1.035030533668619170e-02,6.789498932980339019e-01
1.380487616736457035e+00,1.735864600004521918e-01
-7.580069630363348576e-01,4.560999969830150103e-01
-2.569664653379806651e+00,3.243842257008389129e-01
3.439558023340693715e+00,1.133440406458435135e+00
4.030921598805912165e-01,-5.678167486757526028e-01
1.406070986964543801e+00,9.368542132034788361e-01
1.366309988085091520e+00,8.637954035875519687e-02
-4.905911246195595043e-01,2.006183767003786311e-01
-1.875142341435302562e+00,5.736053087507176906e-01
-1.202170860913271966e-01,-1.367023373662585584e-01
2.502966792399929474e+00,-1.282392327518777353e-01
-3.802888678726754623e+00,-7.736051738872146144e-01
-1.525638904535035367e+00,5.109549958368075906e-02
2.719384033941203010e-02,-3.415528198205408650e-01
-1.347670015290183487e+00,-5.930930007504348067e-01
1.814480619205443901e+00,-6.182783706835214277e-01
-2.265509818083544236e+00,-2.211655899545479365e-01
-1.281858679151758551e+00,-7.437303845414942050e-01
7.140351085200155046e-01,-3.252058216259200996e-01
-2.309316852315630886e+00,-1.310051480766649956e-01
-1.374916300713070694e+00,2.979223586102252574e-01
1.324560069635043247e+00,4.711739557513259236e-01
1.036915742787074546e+00,3.408638156121835405e-01
-1.614959754069479336e-01,4.866195880750150832e-02
1.932083963457526254e-01,-4.716503880621830680e-01
-1.401946473358389289e+00,-2.969352450765636031e-01
2.622830745058695623e+00,-6.731614783107717770e-01
8.645261427334560711e-01,8.604968918637698749e-01
-3.448403438761514561e+00,-2.423812667974856866e-02
1.609176829156574895e+00,7.338779625021805281e-03
-3.241996508478548356e-03,1.638896590187055580e-01
1.468097466100392490e+00,-6.958578948843620847e-03
1.845326850459786172e+00,-1.814114204032209188e-01
-3.892350156593314958e-01,1.318946814967945393e-02
1.929900695051418369e+00,3.364578030465173800e-04
4.511704852835685675e-01,-4.248056624779916746e-02
1.657048187956183360e+00,-6.560120865027564419e-01
2.175000776450655149e+00,-2.710462518803022011e-02
2.393623906501796572e+00,-1.042299364101834103e+00
1.735555051743185029e+00,4.169690111925532516e-01
3.609391446275256876e-01,-3.602799204403990263e-01
-1.076460798442605005e-01,-4.134701106805065973e-01
4.830479272274658675e-01,1.097713579009122364e+00
-2.055722790656910881e+00,-1.307475349040034818e-01
-8.831554105354663120e-01,3.641458978633769772e-01
4.296191614878114962e+00,-2.767094537636839435e-01
-1.891625175075136722e+00,1.464941179589094034e-01
-1.315559836238256175e-01,7.865754369789427214e-01
-4.663802430017120471e-01,1.061064422035510102e+00
2.336075304830230515e+00,4.828836933731060488e-01
-1.289060632625457226e+00,3.233585591584016150e-01
5.119220759193918724e+00,-3.412423480939625331e-01
-2.709381412507263498e+00,1.273342655416214164e-01
-3.368754999393592797e+00,-4.656988799814256730e-01
1.907205257291039180e+00,-5.333408485095552098e-01
3.587407533298687223e+00,3.937810192761002082e-01
-9.477475577086772462e-01,-5.136630262941195291e-01
1.903158115389324667e+00,2.017540392035888364e-01
3.036337657166404469e+00,-6.789394465319141814e-01
3.330193831480387612e+00,-3.478510727709780981e-01
3.560608933301843276e-02,1.601391176114394521e-02
8.596531811315312188e-01,7.050471795211848969e-02
-2.911848759006710807e+00,5.112195178998902856e-01
-2.129884715007877904e+00,-6.564292007664561668e-01
1.185522694857233716e+00,6.460840707375763159e-02
-1.560852005889093341e+00,-1.047662284942949551e+00
-1.612372951185528092e-01,-1.346983128213955494e+00
-1.764224731869881824e+00,2.246011736830047789e-01
-2.524841789113168478e+00,-3.718011895029601447e-04
-1.935831152315927950e+00,3.768822872280151448e-01
-1.450085034996415390e+00,-2.242819693718213492e-01
-8.697365728386350359e-01,-7.584406974842441973e-02
3.500698829968265979e+00,2.461021776720906384e-01
-2.521258327158775181e+00,9.093176642429425804e-01
-1.199048576992656212e+00,-4.693266193651580154e-01
3.412207151659044424e+00,5.637927218144239694e-01
-2.080092391760267334e-02,-5.991204798029424738e-01
-4.721288409562968691e-01,9.896934961590130309e-01
-1.444325575577385612e+00,-4.464543232181927834e-01
1.517705000510484112e-02,3.733201333776267061e-01
-4.711711790231667973e-02,3.301870145912789711e-01
-6.600413248356328255e-01,-3.123780538400560136e-01
1.248509555688448014e+00,3.176770081792925637e-01
-1.086678517835006019e+00,-4.590336829901619370e-02
1.208120294561684460e+00,7.941603484102340849e-01
-2.374323163932086089e-01,6.411405679618411568e-01
2.892778651392560629e+00,4.952569492510528470e-01
4.249742368304928242e+00,-7.895544521546896677e-01
7.014772350394963274e-01,6.283624365984334936e-01
4.042906006181268275e-01,-6.771982449261670922e-01
1.811231707659837875e+00,-5.338973104562274585e-01
1.444229744342959476e+00,2.028484048905492276e-01
1.527877544907033425e+00,-9.156026956364796687e-01
8.951695068998375415e-01,9.173919991827425013e-01
-3.395284783560964526e-01,-4.982446794995171735e-01
-3.423835949181577298e-01,-6.073173578057163013e-02
1.452008953742162989e+00,2.549523764488671462e-01
2.327780934769911880e+00,-5.375691569929835767e-02
2.731040401769073700e-01,-9.030642561664901091e-01
2.460423756780386828e+00,-3.734653760274866396e-01
3.840860534139028393e-01,1.486786862655196384e-01
4.662434783116461978e-01,-3.845749311706641582e-01
5.258957829046521093e-01,6.558809602181224774e-01
1.162296612899822668e+00,-4.298901051392795547e-01
-1.748640708905234709e+00,-1.048794766884068030e+00
1.589964439226536630e+00,2.894515599441604969e-01
-3.053596178439455411e+00,-2.383350364421339962e-01
2.316333793314436562e+00,4.565164934069786962e-01
-1.771177154149950139e+00,-7.119111026982513080e-01
-9.756352959645491207e-01,-7.943192919348514291e-02
8.418250366223817283e-01,4.196151580682275783e-01
-1.890040197837346003e+00,-5.064380866810643811e-01
3.508487141235101525e+00,-2.075281400549729982e-01
5.105774717591070599e-01,-1.548848863782295027e-01
3.341693143961336432e+00,1.812447945650997455e-02
-2.727646553362713000e+00,-1.508366312094037431e-01
-2.177420455440533420e+00,6.356868102639203766e-01
-8.236017324310725973e-01,-1.808831139444189717e-01
-1.144688636038216911e+00,1.085612483581979149e-01
-1.389398242470635085e-02,-8.781590337490861042e-01
4.046382734432664163e-01,-1.937166149026880169e-01
8.623989061811896395e-01,3.675788885391472749e-01
1.864299097062068977e+00,1.365055979526959562e-01
-7.042399993617867171e-01,4.482562338425533088e-01
-2.081503365374941072e+00,4.135212076208771292e-01
-1.474280094656320816e+00,-4.937621496010460298e-01
-1.071492957146906955e+00,8.440342101520096341e-01
-4.343836200710295081e+00,-2.199965246190219992e-01
-2.546621547753816772e-01,-3.519150902111389256e-01
-1.316331067530301935e+00,-4.885983489064742447e-01
-9.107562365040984265e-01,7.066237559044412642e-01
-2.975690521607816219e+00,-7.557279541370210962e-01
-5.407336145816743489e-01,-6.971751914865199906e-02
-6.148836716688836912e-01,-3.208901289866495365e-01
1.804647940731839872e+00,-3.289038520425291434e-01
5.893405549615134964e-01,-1.456960990813239293e-02
3.213035049020344092e-01,-3.409992202579780196e-01
1.842420615570441011e+00,4.563492143585130556e-01
2.238605327527376510e+00,-3.030644898462331871e-01
-5.503767216997184075e-01,-2.255707021848785965e-01
-1.984812542661964718e+00,2.889437661164432347e-01
-1.174373999057899409e+00,-3.307472126658454470e-01
4.010466173162362535e-01,3.901448823991029435e-01
1.329289345107563580e+00,1.379336778253135998e-01
-1.747590657902954536e+00,-1.153895286413988641e+00
-1.740289887966264049e+00,4.851668985866891548e-01
7.760728825626326266e-01,-8.134030357997824590e-01
8.920376624306843860e-01,4.468052271814713094e-01
-2.035560453576242601e+00,8.348139236639008365e-01
2.162451005953674343e+00,-1.387366261731770023e-01
-6.492681885308790868e-01,-3.824152719114056187e-01
-4.818757741286598950e-01,6.962671514042671761e-02
-2.551315366651087491e+00,3.411918899776285041e-01
4.294294831718285521e-01,-6.605019402071961032e-01
-2.064707480230857151e+00,8.011098273415282467e-01
-7.610209988793392721e-01,-9.251698794066579024e-02
-7.919498467127666919e-01,-1.888828153215156569e-01
3.581555975846061113e+00,5.578967111908731402e-01
1.839816183273741634e+00,-8.170125197082247492e-01
3.825663093050684083e+00,-5.041371459231442920e-01
7.841470080264667519e-01,3.071377223305577983e-02
-2.009232080486558214e+00,3.868631538964051320e-01
-4.188826610293260311e-01,-1.251477662891416487e-01
1.758654286046201776e+00,5.492420046453531102e-01
-1.308855684155433075e+00,-5.728869001887235690e-01
4.573555917614033905e-01,3.717957311627083650e-01
-2.064054648009956860e+00,5.434500548563406946e-02
8.912022644679393757e-01,-1.087690055554379198e-01
1.394667980170941846e+00,-1.218675026356371427e-01
3.153712620132925082e+00,-1.629045418186222671e-01
1.429099280309214848e+00,1.355131047693560187e-01
-2.009256388629145462e+00,-1.056243134720660670e+00
6.102505577851848884e-01,-3.712762011034517751e-02
-7.478192090598901887e-01,3.688218842013389898e-01
-1.332284133017650030e+00,5.558951356267508581e-01
-2.904123408458922473e+00,-1.037156940298712970e-01
-4.938904162690991445e-02,-3.331337970162557283e-01
-1.708019948242643471e+00,2.284337488080251943e-01
-3.317943851066382344e+00,2.827002362669777669e-01
1.179350225641325745e+00,7.716746612774332270e-01
-2.908376838504530326e+00,-3.884072155950371585e-01
3.003799834112877987e-01,-6.094131527580542995e-01
6.406949821948720647e+00,3.317668404195563969e-01
-2.358020114365818376e+00,5.622588213268236990e-01
2.116099624700976900e+00,6.809118410890465656e-01
1.396883059757747292e+00,3.683901418403002781e-01
-5.265496455052378622e-01,3.680578476649696423e-02
-1.898508998488512178e+00,2.708516934447091074e-01
2.991660282596260600e+00,5.511913159570415166e-01
-2.926780642117946751e+00,-3.730654051021082829e-01
-1.428033319634987919e+00,2.814849136197772883e-01
-1.711358356304627959e+00,-9.823609626255398464e-01
-1.169847943175357008e+00,5.992332412445670053e-01
3.420530446909660682e+00,-2.947459496033124626e-01
2.533915179628962733e-01,-5.252645029166085749e-02
-2.233169966993840128e-01,-1.921498028330131391e-01
-8.153103949796497441e-01,2.543819984382305610e-01
5.071886921488998334e-01,4.889343677111222114e-02
-2.300461745402825553e+00,5.520672243811475255e-01
-3.427421309022174789e+00,6.245292520949596859e-01
-1.394750439728670299e+00,-1.567935253978451349e-01
-2.020551925390312586e-01,-1.265658999167496856e-01
1.087532424141546938e+00,-2.645354582658538400e-01
-1.159467885281601829e+00,-1.731071803454073063e-02
-2.086261223260648556e+00,1.872591633591861870e-01
1.130328158154308982e+00,6.553395063799454245e-01
6.291065094730164731e+00,1.183983439962323497e-01
-2.127561017890821082e-01,-4.269448731121600615e-01
-3.557641852397572801e+00,-1.585081000577271415e-01
-1.253420970024994752e+00,3.559671208554887611e-01
-1.040512825467509783e+00,6.227616413252483607e-01
-9.655804803683650794e-01,-4.777952473698067193e-01
1.487881916098517276e+00,6.536406108081903588e-01
1.422954736863959235e+00,-5.400962149659934708e-01
-4.544264720487894982e-01,7.468771598956452928e-01
1.905032469843881859e+00,-1.013099915707989795e-01
3.600225138107222556e+00,4.532904824118448861e-01
-1.146573504309504887e+00,8.445184105545046060e-01
7.013799123055920459e-01,1.769737882524650141e-01
7.705840100057206321e-01,-9.362170979271323967e-02
-8.434659860369949635e-01,-1.267405705750424827e-01
7.818685315326572294e-01,6.919971370180094672e-01
7.051687366741653529e-01,3.895579446543364632e-01
1.768612525767218724e+00,-2.816113612317269754e-01
-7.504066060635948832e-01,-6.632129831492641903e-02
-1.352129480297317998e-01,-3.488840634659222117e-01
-2.600736890629235631e+00,9.732860346437443022e-01
2.881794068619195848e+00,-2.473881138807453584e-01
-4.687117889246832370e-01,1.877763930281506066e-01
1.939011400102182980e+00,1.207437112187001116e+00
-1.022540982728875170e+00,-1.636175525080327958e-02
1.110261658084364722e+00,3.941496514991716937e-01
1.755104288500221044e-01,3.299399027460186429e-01
3.587106300719554053e+00,-2.174582889957311915e-01
3.300351308889647228e+00,2.394586745679601336e-01
-8.236396679216754224e-01,-3.580282173335587181e-01
1.556856926371340100e+00,-5.870402209757790146e-01
1.347384463615410199e+00,-2.085970589969266542e-01
8.662830870012451223e-01,-1.708375304803325945e-01
2.006496817213154316e+00,1.416858530987049059e-01
2.514778831173779317e+00,9.414086238611812929e-02
-3.944910467764451978e-01,-7.559536794972877838e-02
9.812770740384777479e-01,8.081292003687189363e-01
7.909162713673070222e-01,-5.486617548304705272e-01
2.345328689393634924e+00,-4.911556088421932253e-01
2.095648689141875298e+00,-9.217305770639030449e-01
1.296013863861424698e+00,4.702003101823622466e-01
-1.323778358155060619e+00,-7.201042609327563682e-01
3.897613775189406216e+00,-9.945897635396981629e-02
-1.103279056071410968e+00,3.511272659189649814e-01
-9.977573282439401448e-01,3.689552272636505426e-01
-1.247452579950585339e+00,-5.006993071867937850e-01
1.845003260416350488e-01,-1.597978915260476335e-02
1.159778412204621745e+00,7.149283056536410719e-01
4.991534107036634804e-01,-6.124644902523938006e-01
-1.427172109264578603e+00,-3.697531629597264891e-01
1.293946125086575583e+00,-7.185968854209796586e-01
1.116105849943799105e-01,-3.286312976675687114e-01
-5.148695489199013764e+00,-3.903442791115237509e-01
2.202241452100194952e+00,-9.487361430630711356e-02
-5.972870845635481762e-01,-5.912556280038505641e-01
-9.058692180822884854e-01,-6.322906422179374042e-01
2.249051057277497101e+00,-7.695989800820237647e-01
9.112747541029126985e-01,1.045941191198708348e-01
1.895391242569975709e+00,-4.263509645401533654e-01
-8.857072628158252359e-01,5.504585512643306311e-01
-1.140516665601551516e+00,1.294954403871091619e+00
9.756486030538078502e-01,-1.839660541771559465e-01
6.107256049373620543e-01,2.315547939662233878e-01
-6.182782962335825472e-01,-1.378616699278264190e-01
-2.608044122639243678e+00,-3.113385041204979123e-02
-3.145297980702189466e+00,-2.562037033382499329e-01
4.462200542764438005e+00,2.691851367465202816e-01
-3.192181010431593968e-01,2.270186831782491366e-01
-2.879177032168495631e-01,1.521469434572693957e-01
1.238532565006528419e+00,9.516081870781083196e-02
1.855332378414974892e+00,-1.252661449991703813e-01
-1.483311970212603415e+00,-5.129715240851467906e-01
-1.057257098332369472e+00,-9.169214672730096050e-01
2.901155458251869490e+00,-3.437193307223935235e-01
6.648859897610943648e-01,2.719010387187845712e-01
-2.525762884907914785e+00,-5.158841750969670459e-01
-3.271598103820009040e+00,-1.422854303864716785e-01
2.148036097516746512e+00,-3.844951525345188803e-01
-1.266673330278048182e+00,6.433972545029321699e-01
2.174705855545044475e+00,5.584478493680795630e-01
1.683764822861481436e+00,-2.135171877799998674e-01
1.543307951339798922e+00,-5.189977033669144202e-01
5.451494311718370067e-01,5.040691631029972086e-01
2.861929583888576101e+00,-7.016469389474508933e-01
-2.190055619613247906e+00,7.247801813381419267e-01
-8.605130366026817468e-01,-6.497444474616844712e-01
2.180726157806310628e+00,-6.403250020564117406e-01
3.373754406691380492e+00,-7.454207359167365488e-02
8.117140263327214666e-02,3.258589407152018835e-01
-3.136609577693422413e+00,-2.873196058080158544e-01
4.654148633208105706e-02,-2.590365291840741602e-01
3.151719297673083897e+00,5.683334166020550526e-01
-3.277288480530156645e-01,2.899398795428524966e-01
3.399577365605245816e-01,-9.692493268555117669e-02
1.715878119885967834e+00,-1.267509513184329473e+00
3.929721294801130416e+00,-2.090744291631699281e-01
6.237369248070931960e-01,6.519457765864936638e-01
4.500124182950988150e+00,-8.857488867873465621e-02
1.230763663243378714e+00,1.732043870137332242e-01
-2.236795315623225200e+00,1.820315052194926564e-01
-2.990464855472998451e-01,1.165742004733139492e+00
-7.208027239002768871e-01,2.601332757970038767e-03
1.357731210324891080e+00,-1.104369519134698052e-01
3.565451024314295059e-01,-6.998565493427861828e-01
-2.862749423295902762e-01,-2.440106172151329245e-01
4.985909696029758309e-01,3.202237248637107014e-01
-1.110961744668804485e+00,2.254281148581691041e-01
-3.881475115903200823e+00,6.266817463046807646e-01
-3.533015658472340448e+00,6.895843997872818099e-01
-3.178201566892628338e-01,-2.119709234586984736e-01
1.808742538389356058e+00,9.981274677650775473e-01
-1.352135156333725385e+00,-1.502489729444609567e+00
-3.182399302289848908e+00,-6.316905911375765292e-01
1.509378511123234068e+00,1.612464398804095700e-01
-1.060604017646782804e+00,-6.973036610124371260e-01
-1.316124426426173721e-01,-6.704819535042425560e-01
-1.002429705787869940e+00,-1.506899694239283438e-01
3.465973072027984658e-01,-1.517612349903815772e-01
-1.678482364248758296e+00,-1.203041977172098626e-01
8.134797666537110228e-01,3.189304648631669514e-01
3.217048294489984972e+00,5.153111083184533925e-01
-2.833280114186180310e+00,-4.215219304681335766e-01
-2.701064043650077906e+00,-1.014413061463250165e-01
-3.636396769434066534e-01,1.047553932110917074e+00
-9.316311619821031620e-01,-2.848238874812015001e-02
-1.393253285548288201e+00,-8.482767084254770606e-02
2.230527706684791445e-01,-6.317736448527961901e-01
-1.452179696627908800e+00,-3.046982518707972987e-01
8.711307652730607698e-01,3.533514911952249093e-01
-1.180215852889911626e-01,2.236768234625310381e-01
-4.956828070384796670e-01,2.418363372987759607e-01
2.475386356514980069e+00,5.301041922048854022e-02
3.116419833002065931e-01,1.057223243521168143e+00
1.126944867497501113e+00,5.753217921136505320e-01
4.087891963804870521e+00,-5.829801127796889748e-01
6.906806191372745207e-01,-2.785314698765529728e-01
-1.435767141545632730e-01,3.528692181110808512e-01
-3.143750944637317968e-01,5.564908010306819364e-01
2.701914990340750222e+00,-6.802659706225885894e-02
-1.476850268282426715e+00,-4.328673065906459005e-02
3.966502521707174100e+00,9.167496990672478752e-02
2.157198204742507563e+00,-2.264245942346086171e-01
-2.562361665065080896e+00,-6.642913308101487321e-03
1.981567526003302770e+00,3.977677044901171133e-01
1.260089974766537280e+00,-6.133578314660123043e-01
2.062245687733482935e+00,-8.149440854246746690e-01
-6.567342949464552992e-01,-3.146010025902779561e-01
5.552458202698868917e-01,1.796845168908681734e-01
-3.293048156363387324e-01,9.941192245452419585e-02
-1.395100354971080092e+00,2.574155721713714332e-02
1.761101851593932510e+00,1.775113581522385908e-01
-8.876725791977336799e-01,1.025596739357545750e-01
1.483801666805190100e+00,5.048626734781480607e-01
1.821161888589922340e+00,-7.531817734302937994e-01
2.773137128250315442e+00,2.589405723999864684e-01
5.062596260441839524e-01,7.070174417088261054e-02
1.509808920808588750e+00,3.883793186279508314e-01
1.149217101837135546e+00,9.392655394179898476e-01
-6.716817773623041665e-01,-1.730114328491919387e-02
5.151822025164613628e+00,-2.429707409338518198e-01
-1.180228059830599419e+00,-5.927966677094225201e-01
-1.396801635546297327e+00,-4.535237548103869809e-01
-1.148236094634469406e+00,1.355382664357316080e-01
1.740132092213443116e+00,-5.562170905658858633e-01
-8.735905300296419318e-01,-3.046927677561743833e-02
-1.395651784417964780e+00,1.397974181318469289e-01
2.035554919929686957e+00,-7.007397828779272919e-02
-3.458601888627516718e+00,-2.587831181975471240e-01
-2.603090326596104287e+00,-8.697310771835171928e-02
-6.926292159390201597e-01,-4.057634730483690721e-01
2.407825992188260766e+00,-8.739131760780297631e-01
1.475416890438121520e+00,-1.516342782031334102e-01
2.489466641227884303e+00,-5.742249622832832495e-02
1.788789965654154157e+00,3.885835457159525497e-01
-3.042571890465888274e+00,-3.532407604945252133e-02
-7.196028833249618062e-01,6.305516229047971599e-01
-7.992290173427419875e-01,7.989952033844324730e-02
-1.645656291521022441e+00,-1.560848207465570688e-02
2.180003616485209683e+00,4.257378145333517439e-01
2.680839927028976888e+00,-3.170945318729589263e-02
-2.359674245920384994e+00,-5.158716406617873673e-01
6.515898689572527935e-01,1.279984978128845541e-01
-1.164483121406021615e+00,6.783890961963560950e-02
-3.140443837948171169e+00,2.364140320423288866e-01
-3.861541069986400121e+00,-6.640300331819937174e-01
3.273710020853873193e+00,-1.753773035688921123e-01
1.944359761299635947e+00,-9.463054021465567844e-01
2.585658324826421772e+00,-1.731453407402531661e-02
2.560742790251843370e+00,3.069200674926738093e-01
-1.647417168505793006e+00,2.355441658852227005e-01
-1.209184973295296839e+00,-6.667445962205286181e-01
2.335746419515188244e+00,-1.833368545727013799e-01
-2.904939243643941182e+00,-1.940613666076759503e-01
-2.654421446697115439e+00,9.648026792453554545e-01
2.550463261361662681e+00,-4.606874229159890755e-02
1.927861728850570333e-01,-7.291643727402054298e-02
-1.424611367236841009e+00,-3.626061810062645163e-01
-3.366871668827006836e+00,-1.555540298507440966e-01
1.958218105482902205e+00,4.331781234202833897e-01
2.180519280357981593e+00,-2.377115069386196156e-01
8.218349556340347473e-01,-8.141648424281022756e-02
4.858845916338958015e-01,1.562931842538469937e-02
4.250209147317914882e-01,1.588789403744420292e-01
9.086731110135778389e-01,-6.501650861473182719e-01
-1.463680415160609316e+00,-4.268949948867745148e-01
-4.444555477068250937e+00,-1.996219253694471174e-01
-1.458537389663228545e+00,2.403143032720958527e-01
-1.371268721789430600e+00,6.832597917317804193e-01
1.415885676530510562e+00,3.217018516623793012e-01
1.915761316650545387e+00,4.788628332288340228e-02
2.236541967586488600e+00,4.571642801151885177e-02
3.176719804873979203e-01,-1.048652561293335200e-01
-1.511242617154514578e+00,-1.988375365351712776e-01
3.018456862524975914e+00,6.540658403556943723e-01
-1.249336290978639158e-01,-5.125135992828526721e-01
-1.099496642831172100e+00,-9.328055542864253091e-01
3.994847896283105215e-01,7.651609969324820737e-01
-3.026699794149668218e-03,5.003056923270687850e-01
3.752524083576915248e-01,7.645381349044602093e-01
-4.857050001481573176e-01,-3.247561157655169950e-01
-2.598399750738665137e+00,-2.788551050702834933e-01
-1.629277917420406618e+00,1.181320739027126449e-01
1.432845129718191557e-01,6.914105510932511134e-01
-4.712959287631547367e-01,7.426462267808084938e-01
-4.876577689140115801e+00,3.092643504625116058e-01
3.084587646292401342e+00,3.210006504637868963e-01
-8.989088412366368352e-01,-8.289498024400521192e-01
-4.011659174182742316e-01,-1.509375935002632840e-01
-3.500923272960318133e+00,2.672025949948977352e-01
3.316180595796052177e-01,-1.036013460939800401e+00
4.259190461949444173e-01,-7.014101903035893093e-01
-2.235950698483460730e+00,7.278626272989564550e-01
-4.070062949601971347e-01,-2.021380005281009917e-01
1.967874047496110057e+00,1.497231190994062489e-01
1.135329209027859498e+00,-1.001962627375117820e-01
2.753366767880326638e+00,-4.143819141000034123e-01
-2.479633906498523999e+00,5.713651783068176560e-01
1.874323371042770248e+00,-1.516892367129054897e-01
2.163288273007936968e-01,-4.728894346974998886e-01
4.248847039549450422e+00,-5.178097204367640982e-01
2.727685441542783806e+00,1.195909517048526771e-01
2.341591264510059389e+00,-4.283626033865663429e-01
1.274332202828537097e+00,5.092394956042095577e-01
-1.091390532790794898e+00,3.333618459027876124e-01
-1.975494561137416671e-01,-2.811761164025722848e-01
-7.625253767714016417e-01,7.413622143132049258e-01
-3.247424408588151845e+00,-1.443525330185509714e-01
-8.846053918901288782e-01,-9.056541065407744395e-02
-2.600251125938506935e-01,5.729469833909650589e-01
6.723876027115518461e-01,4.780411877489357808e-01
4.334873141947621633e+00,-3.446715013319867071e-01
3.598530676022136943e-01,2.208915078465955861e-01
-2.768988836620254634e+00,-1.833873708858068385e-01
1.339165684038056137e+00,-4.567001077287332067e-01
-2.018462245299441626e+00,4.859194943724922111e-01
-7.182464982956151545e-01,-1.753529523281251445e-01
-1.386698935161369217e+00,-7.987267638400567804e-02
-6.786392649679457989e-01,7.730778530488684186e-02
-3.447352945137602265e-01,1.130519179392163398e+00
5.597123296349933996e-01,7.803380501996219909e-01
-8.199713574453493248e-01,4.566955141616878266e-02
1.392149783534924135e+00,-2.011886531524746113e-01
2.476726596121313351e-01,1.625558635671962016e-01
